[
  {
    "id": 1,
    "name": "Who am I",
    "age": "16+",
    "duration": "2h 20m",
    "type": 0
  },

  {
    "id": 2,
    "name": "Sunger Bob",
    "age": "16+",
    "duration": "2h 30m",
    "type": 0
  },

  {
    "id": 3,
    "name": "BattleField 6 ",
    "age": "16+",
    "duration": "2h 10m",
    "type": 0
  },

  { "id": 4, "name": "Guess", "age": "16+", "duration": "2h 40m", "type": 1 },

  {
    "id": 5,
    "name": "The WERDNESDAY",
    "age": "16+",
    "duration": "2h 40m",
    "type": 1
  },

  {
    "id": 6,
    "name": "GodFATHER",
    "age": "16+",
    "duration": "2h 40m",
    "type": 1
  }
]
